{
  "model": "customer_segmentation",
  "version": 1,
  "dataset_fingerprint": "113c88ceedf706d5d32905265b9b4c98",
  "n_clusters": 4,
  "metrics": {
    "silhouette": 0.22958233919714685,
    "davies_bouldin": 1.3193951570870865,
    "calinski_harabasz": 16921.25867035689
  },
  "profile": {
    "recency_days": {
      "0": 95.6,
      "1": 458.26,
      "2": 7.52,
      "3": 568.12
    },
    "order_count": {
      "0": 4.88,
      "1": 1.14,
      "2": 0.69,
      "3": 5.02
    },
    "total_spend": {
      "0": 747.16,
      "1": 114.89,
      "2": 130.84,
      "3": 800.81
    },
    "session_frequency": {
      "0": 0.06,
      "1": 0.01,
      "2": 1.2,
      "3": 0.02
    },
    "return_rate": {
      "0": 0.07,
      "1": 0.06,
      "2": 0.03,
      "3": 0.08
    },
    "count": {
      "0": 22242,
      "1": 34400,
      "2": 1670,
      "3": 24673
    }
  }
}