{
  "numeric": {
    "customer_id": {
      "quantiles": {
        "0.1": 9999.900000000001,
        "0.5": 49999.5,
        "0.9": 89999.1
      }
    },
    "tenure_days": {
      "quantiles": {
        "0.1": 0.0,
        "0.5": 479.0,
        "0.9": 1064.0
      }
    },
    "recency_days": {
      "quantiles": {
        "0.1": 0.0,
        "0.5": 157.0,
        "0.9": 870.0
      }
    },
    "order_frequency": {
      "quantiles": {
        "0.1": 0.0,
        "0.5": 0.0033149171270718232,
        "0.9": 0.01834862385321101
      }
    },
    "session_frequency": {
      "quantiles": {
        "0.1": 0.0,
        "0.5": 0.014492753623188406,
        "0.9": 0.05389221556886228
      }
    },
    "return_rate": {
      "quantiles": {
        "0.1": 0.0,
        "0.5": 0.0,
        "0.9": 0.2
      }
    },
    "total_spend": {
      "quantiles": {
        "0.1": 0.0,
        "0.5": 188.57,
        "0.9": 1124.9570000000003
      }
    },
    "avg_order_value": {
      "quantiles": {
        "0.1": 0.0,
        "0.5": 82.93458333333334,
        "0.9": 232.0580000000002
      }
    },
    "order_count": {
      "quantiles": {
        "0.1": 0.0,
        "0.5": 2.0,
        "0.9": 7.0
      }
    },
    "discount_rate": {
      "quantiles": {
        "0.1": 0.0,
        "0.5": 0.0,
        "0.9": 0.6
      }
    },
    "spend_7d": {
      "quantiles": {
        "0.1": 0.0,
        "0.5": 0.0,
        "0.9": 0.0
      }
    },
    "spend_30d": {
      "quantiles": {
        "0.1": 0.0,
        "0.5": 0.0,
        "0.9": 0.0
      }
    },
    "spend_90d": {
      "quantiles": {
        "0.1": 0.0,
        "0.5": 0.0,
        "0.9": 77.65200000000011
      }
    },
    "orders_7d": {
      "quantiles": {
        "0.1": 0.0,
        "0.5": 0.0,
        "0.9": 0.0
      }
    },
    "orders_30d": {
      "quantiles": {
        "0.1": 0.0,
        "0.5": 0.0,
        "0.9": 0.0
      }
    },
    "orders_90d": {
      "quantiles": {
        "0.1": 0.0,
        "0.5": 0.0,
        "0.9": 1.0
      }
    },
    "session_count": {
      "quantiles": {
        "0.1": 0.0,
        "0.5": 8.0,
        "0.9": 18.0
      }
    },
    "sessions_7d": {
      "quantiles": {
        "0.1": 0.0,
        "0.5": 0.0,
        "0.9": 0.0
      }
    },
    "sessions_30d": {
      "quantiles": {
        "0.1": 0.0,
        "0.5": 0.0,
        "0.9": 1.0
      }
    },
    "avg_pages": {
      "quantiles": {
        "0.1": 0.0,
        "0.5": 4.666666666666667,
        "0.9": 7.0
      }
    },
    "avg_session_duration": {
      "quantiles": {
        "0.1": 0.0,
        "0.5": 262.92857142857144,
        "0.9": 420.0
      }
    },
    "return_count": {
      "quantiles": {
        "0.1": 0.0,
        "0.5": 0.0,
        "0.9": 1.0
      }
    }
  },
  "categorical": {}
}